{"images/bytes.jpg":["images/bytes.jpg"],"images/bytesplash.png":["images/bytesplash.png"],"images/bytesrgif.gif":["images/bytesrgif.gif"],"images/document.png":["images/document.png"],"images/music.png":["images/music.png"],"packages/cupertino_icons/assets/CupertinoIcons.ttf":["packages/cupertino_icons/assets/CupertinoIcons.ttf"],"packages/fluttertoast/assets/toastify.css":["packages/fluttertoast/assets/toastify.css"],"packages/fluttertoast/assets/toastify.js":["packages/fluttertoast/assets/toastify.js"]}